Question,Answer
1. What is correlation in statistics and how is it measured?,"Correlation in statistics is a measure that expresses the extent to which two variables are linearly related. It is a statistical tool used to describe simple relationships between variables without implying causation. Correlation coefficients range from -1 to 1, with 0 indicating no linear relationship, 1 indicating a perfect positive linear relationship, and -1 indicating a perfect negative linear relationship."
"2. What is the range of correlation coefficients and what do values of -1, 0, and 1 indicate?","The range of correlation coefficients is from -1 to 1. A correlation coefficient of 0 indicates no linear relationship between the two variables. A correlation coefficient of 1 indicates a perfect positive linear relationship, meaning as one variable increases, the other variable also increases in a linear fashion. A correlation coefficient of -1 indicates a perfect negative linear relationship, meaning as one variable increases, the other variable decreases in a linear fashion."
3. How can correlation be used to identify relationships between variables?,"Correlation can be used to identify relationships between variables by measuring the extent to which two variables are linearly related. A correlation coefficient ranging from -1 to 1 indicates the strength and direction of the relationship. A value of 0 indicates no linear relationship, 1 indicates a perfect positive linear relationship, and -1 indicates a perfect negative linear relationship. This information helps in understanding whether there is a positive or negative relationship between the variables, which is useful for analyzing complex systems and relationships between different factors."
4. In what ways can correlation be used to make predictions in various fields?,"Correlation can be used to make predictions in various fields by identifying strong relationships between two variables. If there is a strong correlation between two variables, it is possible to use the value of one variable to predict the value of the other variable. This predictive power of correlation can be utilized in fields such as business, finance, medicine, and psychology to forecast outcomes and make informed decisions."
5. How can correlation be used to develop causal models?,"Correlation can be used as a starting point for developing causal models by identifying relationships between variables. Once a correlation is established, further research and analysis can be conducted to determine if there is a causal relationship between the variables. By understanding the strength and direction of the correlation, researchers can investigate potential causal mechanisms and develop models that describe how changes in one variable cause changes in other variables. These causal models can then be used to make more accurate predictions and develop interventions to influence specific variables."
"6. Give examples of how correlation is used in the fields of business, finance, medicine, and psychology.","In the field of business, correlation is used to identify relationships between variables like sales, advertising spending, and customer satisfaction. This information can help in making better business decisions, such as allocating marketing resources effectively.

In finance, correlation is used to identify relationships between different financial assets like stocks, bonds, and commodities. This information is crucial for building diversified portfolios that reduce risk.

In medicine, correlation is used to identify relationships between medical variables such as risk factors for diseases and the effectiveness of treatments. This data can be used to enhance disease prevention, diagnosis, and treatment strategies.

In psychology, correlation is used to identify relationships between psychological variables like personality traits, cognitive abilities, and mental disorders. This information is valuable for developing improved psychological assessments and treatments."
"7. How is correlation used in the real world by a marketing manager, financial analyst, medical researcher, and psychologist?",A marketing manager might use correlation to identify the relationship between advertising spending and sales to allocate advertising budgets effectively. A financial analyst could use correlation to understand the relationship between the returns of different stocks to build a diversified portfolio. A medical researcher might use correlation to identify the relationship between smoking and lung cancer to develop public health campaigns. A psychologist could use correlation to identify the relationship between anxiety and depression to develop more effective treatments.
8. Why is it important to note that correlation does not equal causation?,"It is important to note that correlation does not equal causation because just because two variables are correlated, it does not necessarily mean that one variable causes the other. There could be a third variable or external factor influencing both variables, leading to a correlation without a direct causal relationship."
9. Provide an example of a situation where correlation does not imply causation.,"An example where correlation does not imply causation is the relationship between ice cream sales and shark attacks. There is a strong correlation between the two, but it does not mean that eating ice cream causes shark attacks. Instead, a third variable, such as hot weather, could be causing both ice cream sales and shark attacks to increase."
"10. Overall, how can correlation be described as a powerful statistical tool and what are its main uses in various fields?","Correlation can be described as a powerful statistical tool because it helps identify relationships between variables, make predictions, and develop causal models. Its main uses in various fields include identifying relationships between business variables like sales and advertising spending, financial assets like stocks and bonds, medical variables like risk factors for diseases, and psychological variables like personality traits. Correlation is utilized to make better decisions and improve outcomes in business, finance, medicine, and psychology."
